Artist,Album,Tags,Fans,URL,Art,
2814,新しい日の誕生,ambient hypnagogic,80,https://dreamcatalogue.bandcamp.com/album/--18,/img/a4099353330_3.jpg,
.CASTING,5AM,future-funk,42,https://cstng.bandcamp.com/album/5am,/img/a0261871031_3.jpg,
.CASTING,LATE TO BE REAL,future-funk,65,https://cstng.bandcamp.com/album/late-to-be-real,/img/a1078065926_3.jpg,
.jpeg Artifacts,Ridin’ That (Information Highway),vaporwave,6,https://vaporbabes.bandcamp.com/album/ridin-that-information-highway,/img/a0701717758_3.jpg,
.mp3Neptune,"I Love You, Saturn City",hypnagogic,56,https://pizzaboxsociety.bandcamp.com/album/i-love-you-saturn-city,/img/a1817995379_3.jpg,
「ｎｅｗｔｙｐｅ」,ＳＩＭ ＥＡＲＴＨ™ ｕｌｔｒａ気候,vaporwave,7,https://newtype420.bandcamp.com/album/-,/img/a2821986195_3.jpg,
「サンセット Ｎｅｔｗｏｒｋ❾❶」,ＨＩＧＨ～ＦＡＳＨＩＯＮ「犯罪現場」,vaporwave,27,https://sunset-network.bandcamp.com/album/--4,/img/a0558740325_3.jpg,
「サンセット Ｎｅｔｗｏｒｋ❾❶」,Strangers Once Lovers「メモリー」,vaporwave,43,https://dmtrec.bandcamp.com/album/strangers-once-lovers,/img/a2652260667_3.jpg,
§E▲ ▓F D▓G§,In Search Of God,vaporwave,39,https://midnightmoontapes.bandcamp.com/album/in-search-of-god,/img/a0618456498_3.jpg,
§E▲ ▓F D▓G§,OG GLAZED VOL. 1,experimental,80,https://elemental95.bandcamp.com/album/og-glazed-vol-1,/img/a0607242006_3.jpg,
` ` ` NEW FIGURE VARIETY,NEW DESK QUIT CABLE,vaporwave,80,https://elemental95.bandcamp.com/album/new-desk-quit-cable,/img/a2076371966_3.jpg,
<456> <ae.blitpipe> <2>,Дѕіаи αмвιєηтє Ӡ,hypnagogic,2,https://456aeblitpipe2makingnewcontext.bandcamp.com/album/-,/img/a4090884641_3.jpg,
░▒▓新しいデラックスライフ▓▒░,▣世界から解放され▣,vaporwave,80,https://internetclub.bandcamp.com/album/-,/img/a3735408238_3.jpg,
01100001 S.T.A.R.D.U.S.T. Subsidiary,Arcadia Campus: Virtual Tour,vaporwave,6,https://01100001.bandcamp.com/album/arcadia-campus-virtual-tour,/img/a4090310520_3.jpg,
18 Carat Affair,Adventures in Schizophrenia,hypnagogic,0,https://18carataffair.bandcamp.com/album/adventures-in-schizophrenia,/img/a2041567819_3.jpg,
18 Carat Affair,High Emotion,hypnagogic,71,https://18carataffair.bandcamp.com/album/high-emotion,/img/a3180896552_3.jpg,
18 Carat Affair,Pure Gold,hypnagogic,79,https://18carataffair.bandcamp.com/album/pure-gold,/img/a1613609952_3.jpg,
18 Carat Affair,The Life Of Vice,hypnagogic,57,https://18carataffair.bandcamp.com/album/the-life-of-vice,/img/a1453408244_3.jpg,
3D BLAST 爆風,Pioneer,vaporwave,25,https://3dblast.bandcamp.com/album/pioneer,/img/a3739029865_3.jpg,
AESTHETICS PLEASE,RIGHTEOUS GROOVE,future-funk,80,http://music.businesscasual.biz/album/righteous-groove,/img/a4034117122_3.jpg,
Aether Select,This Is Island Music,vaporwave,31,https://aetherselect.bandcamp.com/album/this-is-island-music,/img/a2299136625_3.jpg,
Aloe Island Posse,Aloe Island Adventures,future-funk,80,http://music.businesscasual.biz/album/aloe-island-adventures,/img/a0671253898_3.jpg,
American Online,American Online,vaporwave,80,https://dmttapes.bandcamp.com/album/american-online-dmt-050,/img/a3939683012_3.jpg,
Amherst,heat​.​wav,future-funk,31,https://amherstisgood.bandcamp.com/album/heat-wav,/img/a2837687809_3.jpg,
Amun Dragoon & Mensa Group International,"Fjords, Vol. II",vaporwave,5,https://ailanthusrecordings.bandcamp.com/album/fjords-vol-ii,/img/a1860090132_3.jpg,
Aokigahara Online,Aokigahara Online,hypnagogic,27,https://aokigaharaonline.bandcamp.com/album/aokigahara-online,/img/a2743919936_3.jpg,
Architecture In Tokyo,Summer Paradise,hypnagogic,80,http://music.businesscasual.biz/album/summer-paradise,/img/a3903548663_3.jpg,
Aritus,Walkingman,future-funk,24,https://futuresocietycollective.bandcamp.com/album/walkingman-ep,/img/a1535261669_3.jpg,
Aritus & Fibre,Virtues EP,future-funk,80,http://futuresocietycollective.bandcamp.com/album/virtues-ep,/img/a1483978077_3.jpg,
ArtFluids,Proteus,vaporwave,80,https://bedlamtapes.bandcamp.com/album/proteus,/img/a2359986906_3.jpg,
AUT2M,MCMLXX,vaportrap,5,https://jukaisuicideforest.bandcamp.com/album/mcmlxx,/img/a1489743485_3.jpg,
B o d y l i n e,Computer Imagina,hypnagogic,20,https://bodyline.bandcamp.com/album/computer-imagina,/img/a0780323669_3.jpg,
B o d y l i n e,INSTANT IMAGES,vaporwave,46,https://adhesivesounds.bandcamp.com/album/instant-images,/img/a2477546156_3.jpg,
B o d y l i n e,MOTION PICTURE,vaporwave,28,https://bodyline.bandcamp.com/album/motion-picture,/img/a0573830184_3.jpg,
Babestation2,CORMORAN MUSICA,vaporwave,25,https://babestation2.bandcamp.com/album/cormoran-musica,/img/a3448804639_3.jpg,
BALENTSバランス,MIRAGE SUITE スイート ❶❻,vaporwave,80,http://beerwizard.net/album/mirage-suite,/img/a2353028205_3.jpg,
BALENTSバランス,when u chillin but u blazed doe,post-vapor,80,https://dmttapes.bandcamp.com/album/when-u-chillin-but-u-blazed-doe-dmt-169,/img/a1461433964_3.jpg,
Based Frequency & WΔll Flowers,☾rescent,vaporwave,80,https://elemental95.bandcamp.com/album/rescent,/img/a3951793962_3.jpg,
bbrainz,internet lust,hypnagogic,80,https://bbrainz.bandcamp.com/album/internet-lust,/img/a3363395156_3.jpg,
bbrainz,jungle2000,post-vapor,80,https://colosseumrecords.bandcamp.com/album/jungle2000,/img/a1722876517_3.jpg,
bbrainz,pizza contigo,hypnagogic,80,https://bbrainz.bandcamp.com/album/pizza-contigo,/img/a2093905953_3.jpg,
be____all,"Light Heart, No Mind",vaporwave,0,https://be----all.bandcamp.com/album/light-heart-no-mind-ep,/img/a2334743749_3.jpg,
Beer Wizard,VAPOR波 Selects Vol. 1,compilation,80,http://beerwizard.net/album/vapor-selects-vol-1,/img/a1784350763_3.jpg,
Betasoft トランスミッション,Sounds From The Lunar Mall,hypnagogic,9,https://idyllsounds.bandcamp.com/album/sounds-from-the-lunar-mall,/img/a1365490722_3.jpg,
bl00dwave,hotel vibes,hypnagogic,80,http://music.businesscasual.biz/album/hotel-vibes,/img/a0245639087_3.jpg,
bl00dwave,NEW VISUALS,hypnagogic,80,https://bl00dwave.bandcamp.com/album/--3,/img/a2416889753_3.jpg,
bl00dwave,SEA VIBES,hypnagogic,80,https://bl00dwave.bandcamp.com/album/--4,/img/a2107938279_3.jpg,
bl00dwave,ＵＬＴＲＡＤＲＥＡＭ,hypnagogic,80,https://bl00dwave.bandcamp.com/album/--5,/img/a1425716819_3.jpg,
Blank Banshee,Blank Banshee 0,vaportrap,80,https://blankbanshee.bandcamp.com/album/blank-banshee-0,/img/a2328193370_3.jpg,
Blank Banshee,Blank Banshee 1,vaportrap,80,https://blankbanshee.bandcamp.com/album/blank-banshee-1,/img/a2929298872_3.jpg,
Blurrydog,Blurrydog's Quest,vaporwave,19,https://elemental95.bandcamp.com/album/blurrydogs-quest,/img/a4227624815_3.jpg,
business casual,ANNIVERSARY VOL. 2,compilation,80,http://music.businesscasual.biz/album/anniversary-vol-2,/img/a3816472635_3.jpg,
business casual,Digital Office One,compilation,80,http://music.businesscasual.biz/album/digital-office-one,/img/a1672922820_3.jpg,
C A S I N O ☆★☆★☆ M A S T E R,☆★☆ ボーナススピン幸運 ！！！,mallsoft,15,https://tkxvault.bandcamp.com/album/--3,/img/a3648092920_3.jpg,
C MONEY BURNS,Дьявол в деталях,hardvapor,29,https://antifur.bandcamp.com/album/--8,/img/a2124712929_3.jpg,
Captain T.V. 舰长电视,Pink Marble,future-funk,80,http://beerwizard.net/album/pink-marble,/img/a2237724446_3.jpg,
CASINO GARDENS,CASINO GARDENS,vaporwave,34,https://beerontherug.bandcamp.com/album/casino-gardens,/img/a2279299958_3.jpg,
CD-ROM,Experiences™ Island Adventures,vaporwave,2,https://commercialdreamsltd.bandcamp.com/album/experiences-island-adventures,/img/a0650865466_3.jpg,
Channel 505,日本の天気と気候,vaporwave,6,https://channel505.bandcamp.com/album/--4,/img/a1257904635_3.jpg,
Chinese Hackers,Selfless,vaporwave,26,https://midnightmoontapes.bandcamp.com/album/selfless,/img/a1264787841_3.jpg,
chris†††,no lives matter,vaporwave,80,https://bedlamtapes.bandcamp.com/album/no-lives-matter,/img/a2406580377_3.jpg,
chris†††,包容,vaporwave,3,https://christtt.bandcamp.com/album/--3,/img/a3870833565_3.jpg,
Chungking Mansions,ShowView,vaporwave,36,https://dreamcatalogue.bandcamp.com/album/showview,/img/a0973201465_3.jpg,
Chungking Mansions,安全出口EXIT空间和时间,vaporwave hypnagogic,80,https://dreamcatalogue.bandcamp.com/album/exit,/img/a1764792099_3.jpg,
Cobalt Road,Purgatory,vaportrap,4,https://cobaltroad.bandcamp.com/album/purgatory,/img/a0472805147_3.jpg,
Cobalt Road,Venetian Blinds,vaportrap,5,https://cobaltroad.bandcamp.com/album/venetian-blinds,/img/a4169759264_3.jpg,
Cobalt Road & STΛQQ ƟVERFLƟ,Biosphere,vaportrap,80,https://bedlamtapes.bandcamp.com/album/biosphere,/img/a0900430555_3.jpg,
COCAINEJESUS,We're Worried About You,vaportrap,80,https://dreamcatalogue.bandcamp.com/album/were-worried-about-you,/img/a3252790159_3.jpg,
colosseum,NOW THAT'S WHAT I CALL VAPORWAVE,compilation,80,https://colosseumrecords.bandcamp.com/album/now-thats-what-i-call-vaporwave,/img/a1764004399_3.jpg,
Commercial Dreams Ltd.,The Commercial Dream,compilation,80,https://commercialdreamsltd.bandcamp.com/album/the-commercial-dream,/img/a1963647421_3.jpg,
computer slime,ミスト,vaporwave,27,https://computerslime.bandcamp.com/album/-,/img/a0435449864_3.jpg,
CONSUMERプロダクト,HARDWRLD,hardvapor,3,https://consumerproduct.bandcamp.com/album/hardwrld,/img/a0695214499_3.jpg,
CVLTVRΣ,Modern Century 現代センチュリー,hypnagogic,47,https://cvltvre.bandcamp.com/album/modern-century,/img/a3495624027_3.jpg,
CVLTVRΣ,Upscale Loft 高級ロフト,hypnagogic,66,https://cvltvre.bandcamp.com/album/upscale-loft,/img/a3642757735_3.jpg,
CVLTVRΣ,Virtual Life,hypnagogic,41,https://cvltvre.bandcamp.com/album/virtual-life,/img/a1179825905_3.jpg,
CYBEREALITYライフ,Internet Dating,hypnagogic,11,https://cybereality90.bandcamp.com/album/internet-dating,/img/a4057660836_3.jpg,
Cybernetic ட்ரீமர்,Memories¹,hypnagogic,79,https://cyberdream.bandcamp.com/album/memories,/img/a1596466345_3.jpg,
D▲RKPYR▲MID,A Heart Full of Love,hypnagogic,80,https://dreamcatalogue.bandcamp.com/album/a-heart-full-of-love,/img/a2849842878_3.jpg,
Dan Mason ダン·メイソン,Miami Virtual,vaporwave,80,https://danmason.bandcamp.com/album/miami-virtual,/img/a0182108552_3.jpg,
Dan Mason ダン·メイソン,Summer Love,future-funk,80,http://music.businesscasual.biz/album/summer-love,/img/a2552484804_3.jpg,
Dan Mason ダン·メイソン,Summertime,future-funk,80,https://danmason.bandcamp.com/album/summertime-ep,/img/a0556509651_3.jpg,
Dante Mars Ajeto！,Celebrating Digital Artifacts,vaporwave,80,https://bedlamtapes.bandcamp.com/album/celebrating-digital-artifacts,/img/a1070795527_3.jpg,
Dante Mars Ajeto！,﻿Ｌｉｆｅ Ｅｎｔｅｒｐｒｉｓｅｓ,vaporwave,80,https://dmttapes.bandcamp.com/album/dmt-134,/img/a0419412960_3.jpg,
Dante Mars Ajeto！,MELT: PLUS,future-funk,50,https://dmtrec.bandcamp.com/album/melt-plus,/img/a2526770616_3.jpg,
Dante Mars Ajeto！,ㅇㄱㄹㅇ﻿ １９８８,future-funk,80,http://music.businesscasual.biz/album/--11,/img/a1912128959_3.jpg,
DARKPYRAMID,Electrical Teardrops,hypnagogic,31,https://dreamcatalogue.bandcamp.com/album/electrical-teardrops,/img/a1117601728_3.jpg,
Darksleep,Electronic Life,vaportrap,41,https://darksleep.bandcamp.com/album/electronic-life,/img/a0363020022_3.jpg,
Darksleep,Obviate,vaporwave experimental,11,http://darksleep.bandcamp.com/album/obviate,/img/a0676568438_3.jpg,
Data Entries,Images,vaporwave,3,https://dataentries.bandcamp.com/releases,/img/a2450129104_3.jpg,
Datavision Ltd.,Vector Tables,vaporwave,2,https://datavision.bandcamp.com/album/vector-tables,/img/a2670117476_3.jpg,
death’s dynamic shroud.wmv,DERELICTメガタワー,vaporwave,17,https://deathsdynamicshroud.bandcamp.com/album/derelict-3,/img/a3019981019_3.jpg,
death’s dynamic shroud.wmv,I'll Try Living Like This,vaporwave,62,https://deathsdynamicshroud.bandcamp.com/album/ill-try-living-like-this,/img/a0102733853_3.jpg,
Desired,Lovestory,future-funk,80,http://music.businesscasual.biz/album/lovestory,/img/a3930153942_3.jpg,
Diamondstein,The Ridges,hardvapor,80,https://dreamcatalogue.bandcamp.com/album/the-ridges,/img/a3380132676_3.jpg,
Dianetics Online!™,The Bridge to Total Freedom,vaportrap,8,https://dianeticsonline.bandcamp.com/album/the-bridge-to-total-freedom,/img/a1807618215_3.jpg,
Disconscious,Hologram Plaza,vaporwave,80,https://disconscious.bandcamp.com/album/hologram-plaza,/img/a2652479842_3.jpg,
Diskette Romances,Diskette Romances,vaporwave,22,https://sunuprecordings.bandcamp.com/album/diskette-romances,/img/a2197918527_3.jpg,
DJ ALINA,MANIAX,hardvapor,80,https://dreamcatalogue.bandcamp.com/album/maniax,/img/a4154933585_3.jpg,
DJ VLAD,Hardvapour.,hardvapor,80,https://antifur.bandcamp.com/album/hardvapour,/img/a3016951809_3.jpg,
DMT Records,"[REC]•SELECTS, Vol. 1",compilation,80,https://dmttapes.bandcamp.com/album/rec-selects-vol-1,/img/a1137679474_3.jpg,
Donovan Hikaru,Business Travel Bonanza,mallsoft,0,https://ailanthusrecordings.bandcamp.com/album/business-travel-bonanza,/img/a0433627795_3.jpg,
Donovan Hikaru,CRS 2.0,vaporwave ambient,24,https://adhesivesounds.bandcamp.com/album/crs-20,/img/a3558025094_3.jpg,
Down Hazard,Afterparty,hypnagogic,3,https://downhazard.bandcamp.com/album/afterparty,/img/a3032485644_3.jpg,
Dream Catalogue,The Eternal Dream System,compilation,80,https://dreamcatalogue.bandcamp.com/album/the-eternal-dream-system,/img/a2312168122_3.jpg,
Dreams West,Self-Titled,hypnagogic,80,https://dreamswest.bandcamp.com/album/self-titled,/img/a4038274544_3.jpg,
dstnt,NSII / Night Signals II,hypnagogic,80,https://vektroid.bandcamp.com/album/night-signals-ii,/img/a2307680407_3.jpg,
ECO VIRTUAL,ATMOSPHERES 第1,vaporwave,80,https://ecovirtual.bandcamp.com/album/atmospheres-1,/img/a0902382915_3.jpg,
ECO VIRTUAL,ATMOSPHERES 第2,vaporwave,80,https://ecovirtual.bandcamp.com/album/atmospheres-2,/img/a3068358461_3.jpg,
ECO VIRTUAL,ATMOSPHERES 第4,post-vapor,80,https://ecovirtual.bandcamp.com/album/atmospheres-4,/img/a0356230652_3.jpg,
Elemental 95,The Vape Council,compilation,80,https://elemental95.bandcamp.com/album/the-vape-council-vol-1,/img/a1880067924_3.jpg,
ESPRIT 空想,summer night,hypnagogic,80,https://espritfantasy.bandcamp.com/album/summer-night,/img/a1270369030_3.jpg,
ESPRIT 空想,virtua.zip,hypnagogic,80,https://espritfantasy.bandcamp.com/album/virtua-zip,/img/a4042324845_3.jpg,
ETHERNET CITY,YOUTH FOUNTAIN,vaporwave,80,http://beerwizard.net/album/youth-fountain,/img/a1812976867_3.jpg,
EYELINER,BUY NOW,hypnagogic,80,https://beerontherug.bandcamp.com/album/buy-now,/img/a0305262041_3.jpg,
Eyeliner,High Fashion Mood Music,hypnagogic,73,http://crystalmagic.org/album/high-fashion-mood-music,/img/a0667737592_3.jpg,
Famicom Fountains,PROGMAN​.​EXE,vaporwave,30,https://famicomfountains.bandcamp.com/album/progman-exe,/img/a3352758533_3.jpg,
Flamingosis,Kahunastyle,future-funk,6,https://keatscollective.bandcamp.com/album/kahunastyle,/img/a1775494562_3.jpg,
Flamingosis,Pleasure Palette,future-funk,80,https://flamingosis1.bandcamp.com/album/pleasure-palette,/img/a3868174200_3.jpg,
Flash Kostivich,Hacking for Freedom,hardvapor,80,https://dreamcatalogue.bandcamp.com/album/hacking-for-freedom,/img/a2526901619_3.jpg,
FLOOR BABA,GAMEWAVE,vaportrap,80,https://floorbaba.bandcamp.com/album/gamewave,/img/a2375105904_3.jpg,
Fluence,Elemental,vaportrap,80,https://dreamcatalogue.bandcamp.com/album/elemental,/img/a3824692897_3.jpg,
fortune500,Music Of The Now Age,compilation,67,https://fortune500.bandcamp.com/album/the-music-of-the-now-age,/img/a4017363106_3.jpg,
fortune500,Music Of The Now Age II,compilation,80,https://fortune500.bandcamp.com/album/the-music-of-the-now-age-ii,/img/a0442667341_3.jpg,
fortune500,The Music of the Now Age III,compilation,1,https://fortune500.bandcamp.com/album/the-music-of-the-now-age-iii,/img/a2232168348_3.jpg,
Fuji Grid TV,Prism Genesis,vaporwave,80,https://vektroid.bandcamp.com/album/fuji-grid-tv-ex,/img/a0451624251_3.jpg,
Future Girlfriend 音楽,Pink Dance EP ピンクのダンス,future-funk,80,https://futuregirlfriend.bandcamp.com/album/pink-dance-ep,/img/a1596960977_3.jpg,
Future Society,Future Society Volume I,compilation,80,https://futuresocietycollective.bandcamp.com/album/future-society-volume-i,/img/a3468890904_3.jpg,
futurebandit,Virtual Memory,vaporwave,29,https://new-world.bandcamp.com/album/virtual-memory,/img/a2981659745_3.jpg,
g h o s t i n g,Telenights,vaporwave,44,https://dreamcatalogue.bandcamp.com/album/telenights,/img/a1289916539_3.jpg,
ＧＡＭＥＳＨＡＲＫ™,SHARK 2 パラサイトシングル,post-vapor,23,https://midnightmoontapes.bandcamp.com/album/shark-2,/img/a1865089103_3.jpg,
Ganzfeld虚拟,Unwise,vaportrap,5,https://aloecityrecords.bandcamp.com/album/unwise,/img/a2740523041_3.jpg,
General Translator,CONTEMPORARY,hypnagogic,0,https://vsjrp.bandcamp.com/album/contemporary,/img/a3650044883_3.jpg,
General Translator,Pleasure Network Selections: Vol. 1,compilation,8,https://vsjrp.bandcamp.com/album/pleasure-network-selections-vol-1,/img/a1348868389_3.jpg,
General Translator & Dystopian Chic,AUDIO不埒,hypnagogic,1,https://fortune500.bandcamp.com/album/audio,/img/a0512871357_3.jpg,
George Clanton,100% Electronica,post-vapor,80,http://music.georgeclanton.com/album/100-electronica,/img/a1506352382_3.jpg,
Giant Claw,DARK WEB,vaportrap,80,https://giantclaw.bandcamp.com/album/dark-web,/img/a1885621748_3.jpg,
Giant Claw,Deep Thoughts,vaporwave,80,https://giantclaw.bandcamp.com/album/deep-thoughts,/img/a0803482003_3.jpg,
GOLDEN LIVING ROOM,New Nostalgia,vaporwave,1,https://fortune500.bandcamp.com/album/new-nostalgia,/img/a1674998564_3.jpg,
GOLDEN LIVING ROOM,Post-Internet,hypnagogic,52,https://phinery.bandcamp.com/album/post-internet,/img/a1288323842_3.jpg,
GOLDEN LIVING ROOM & t e l e p a t h テレパシー能力者,ＶＩＲＴＵＡＬ ＰＨＡＮＴＡＳＹ ２０９７,ambient,78,https://dreamcatalogue.bandcamp.com/album/--21,/img/a2043666294_3.jpg,
GOLF SWINGERS,Buildings Dreams,vaporwave,0,https://golfswingers.bandcamp.com/album/buildings-dreams,/img/a1595971285_3.jpg,
Gran Turismo,Super GT,vaportrap,1,https://granturismo89.bandcamp.com/album/super-gt,/img/a2469484122_3.jpg,
haircuts for men,パステル勾配 lp,post-vapor,80,https://commercialdreamsltd.bandcamp.com/album/lp,/img/a1843361317_3.jpg,
haircuts for men,大理石のファンタジー,vaporwave,80,http://music.businesscasual.biz/album/--12,/img/a1379942324_3.jpg,
Halo Acid,Days Of Night,hypnagogic,15,https://tkxvault.bandcamp.com/album/days-of-night,/img/a0249656170_3.jpg,
Halo Acid & HKE,No Dreams,hardvapor,56,https://tekres.bandcamp.com/album/no-dreams,/img/a3811958399_3.jpg,
Hantasi,Vacant Places,hypnagogic,45,https://hantasi.bandcamp.com/album/vacant-places,/img/a1981769335_3.jpg,
Hayao Yamaneko,Rest In Paradise,vaporwave,5,https://hayaoyamaneko.bandcamp.com/album/rest-in-paradise,/img/a0353030813_3.jpg,
Hayao Yamaneko,Shattered Holograms // シャッタド・ハーログラムズ: VOLUME 1,vaporwave,11,https://hayaoyamaneko.bandcamp.com/album/shattered-holograms,/img/a2596355087_3.jpg,
Hellcom,Energy111,hypnagogic,80,http://music.businesscasual.biz/album/energy111,/img/a2147858110_3.jpg,
Henry Wong,Test X1004,hardvapor,53,https://antifur.bandcamp.com/album/test-x1004,/img/a4193341795_3.jpg,
HKE & t e l e p a t h テレパシー能力者,Gateway アセンション,ambient,80,https://barorecords.bandcamp.com/album/gateway,/img/a1476623810_3.jpg,
Hong Kong Express,2047,hypnagogic,80,https://dreamcatalogue.bandcamp.com/album/2047,/img/a0098877677_3.jpg,
Hong Kong Express,HK,ambient hypnagogic,80,https://dreamcatalogue.bandcamp.com/album/hk,/img/a1098892932_3.jpg,
Hong Kong Express,This,ambient,80,https://adhesivesounds.bandcamp.com/album/this,/img/a3757662809_3.jpg,
ℍUM♥ℕIGHTM♥RE,♥,vaportrap,0,https://humanightmare.bandcamp.com/album/-,/img/a1802256755_3.jpg,
Iacon,直示 D E I X I S,vaporwave,80,https://iaconofficial.bandcamp.com/album/d-e-i-x-i-s,/img/a1021887345_3.jpg,
Incarta'95,INTEROFFICE,vaporwave,3,https://vcrecordings.bandcamp.com/album/interoffice,/img/a2347730495_3.jpg,
Infinite Quazar,Grand Prix,hypnagogic,0,https://fortune500.bandcamp.com/album/grand-prix,/img/a2358393584_3.jpg,
Infinity Frequencies,Closer than ever,vaporwave,80,https://computer-gaze.bandcamp.com/album/closer-than-ever,/img/a0282486614_3.jpg,
Infinity Frequencies,Computer Afterlife,vaporwave,80,https://computer-gaze.bandcamp.com/album/computer-afterlife,/img/a0611082713_3.jpg,
Infinity Frequencies,Computer Death,vaporwave,80,https://computer-gaze.bandcamp.com/album/computer-death,/img/a2745019358_3.jpg,
Infinity Frequencies,Computer Decay,vaporwave,80,https://computer-gaze.bandcamp.com/album/computer-decay,/img/a4021265070_3.jpg,
Infinity Frequencies,Dream Recovery,vaporwave,80,https://computer-gaze.bandcamp.com/album/dream-recovery,/img/a2767600637_3.jpg,
Infinity Frequencies,Euphoria,vaporwave,80,https://computer-gaze.bandcamp.com/album/euphoria,/img/a0190485261_3.jpg,
Infinity Frequencies,Into the light,vaporwave,80,https://computer-gaze.bandcamp.com/album/into-the-light,/img/a0947550473_3.jpg,
Innerϟpeaker,Flight Wave,future-funk,80,http://music.businesscasual.biz/album/flight-wave,/img/a0405710251_3.jpg,
Internet Club,Dreams 3D,vaporwave,80,https://internetclub.bandcamp.com/album/dreams-3d,/img/a0071979677_3.jpg,
Internet Club,Final Tears,vaporwave,80,https://internetclub.bandcamp.com/album/final-tears,/img/a0907222331_3.jpg,
Internet Club,Redefining The Workplace,vaporwave,80,https://internetclub.bandcamp.com/album/redefining-the-workplace,/img/a2781983496_3.jpg,
Internet Club,Vanishing Vision,vaporwave,80,https://internetclub.bandcamp.com/album/vanishing-vision,/img/a2632228529_3.jpg,
Internet Club,Webinar,vaporwave,80,https://internetclub.bandcamp.com/album/webinar,/img/a2369797579_3.jpg,
Jade Statues,Executive Towers,hypnagogic,80,https://dreamcatalogue.bandcamp.com/album/executive-towers,/img/a0258801961_3.jpg,
Ｋ Ｅ Ｎ Ｎ Ｙ ❖ Ｌ Ｏ Ｇ Ｉ Ｎ,FOOD COURT Ａｆｔｅｒｈｏｕｒｓフードコートの業務時間外,vaporwave,11,https://questionrecords.bandcamp.com/album/food-court,/img/a3013923763_3.jpg,
KEATS//COLLECTIVE,KEATS//COLLECTIVE Vol. 6,compilation,1,https://keatscollective.bandcamp.com/album/keats-collective-volume-6,/img/a1839078453_3.jpg,
KING QUARTZ,\​$​Recycle​.​Bin,vaportrap,30,https://4lrecords.bandcamp.com/album/recycle-bin,/img/a2552592504_3.jpg,
KING QUARTZ,NEOTOKYOLIVE30XX,future-funk,80,http://music.businesscasual.biz/album/neotokyolive30xx,/img/a1798902056_3.jpg,
Kobayashi Yamato,商業的な仕事 1993 – 2004,vaporwave,80,http://dreamcatalogue.bandcamp.com/album/1993-2004,/img/a4122130443_3.jpg,
Kobayashi Yamato,快い亡霊 OST,vaporwave,75,https://pleasantspecter.bandcamp.com/album/ost,/img/a0591842026_3.jpg,
Kodak Cameo,Riviera,hypnagogic,1,https://fortune500.bandcamp.com/album/riviera,/img/a4280918963_3.jpg,
Köshrimp,Red Luna District,vaporwave,5,https://drugrunrecords.bandcamp.com/album/red-luna-district,/img/a1883448568_3.jpg,
Krokodil Hunter,кримінальну Господь,hardvapor,71,https://antifur.bandcamp.com/album/--2,/img/a1577901255_3.jpg,
kyonpalm,Process,vaportrap,3,https://kyonpalm.bandcamp.com/album/process,/img/a3896717455_3.jpg,
la trace,LITE TOUCH,hypnagogic,4,https://latracechicago.bandcamp.com/album/lite-touch,/img/a2431923426_3.jpg,
Lancaster_,Press Play,future-funk,40,https://lancasterr.bandcamp.com/album/press-play,/img/a2715749346_3.jpg,
Laserdisc Visions,New Dreams Ltd.,vaporwave,80,https://vektroid.bandcamp.com/album/new-dreams-ltd,/img/a2164852369_3.jpg,
Lasership Stereo,Soft Season,vaporwave,14,https://ailanthusrecordings.bandcamp.com/album/soft-season,/img/a0528529590_3.jpg,
LeonLS,Vision 9000,hypnagogic,0,https://smirksounds.bandcamp.com/album/vision-9000,/img/a1944091239_3.jpg,
Lindsheaven Virtual Plaza,Daily Night Euphoria,hypnagogic,80,http://music.businesscasual.biz/album/daily-night-euphoria-ep,/img/a1747826778_3.jpg,
Lindsheaven Virtual Plaza,NTSC Memories,vaporwave,22,https://ailanthusrecordings.bandcamp.com/album/ntsc-memories,/img/a2921995921_3.jpg,
Literature,Prose ザ•リズム,future-funk,35,https://stratfordct.bandcamp.com/album/literature-prose-ep,/img/a4219188542_3.jpg,
Lost Angles,Cloud Expo,vaportrap,18,http://lost-angles.com/album/cloud-expo,/img/a3982553462_3.jpg,
Luxury Elite,101.7 Wave II,hypnagogic,80,https://luxuryelite.bandcamp.com/album/1017-wave-ii,/img/a3556448753_3.jpg,
Luxury Elite,III,hypnagogic,35,https://ailanthusrecordings.bandcamp.com/album/iii,/img/a0915307985_3.jpg,
Luxury Elite,moods,vaporwave,64,https://luxuryelite.bandcamp.com/album/moods,/img/a3146854813_3.jpg,
Luxury Elite,noir,hypnagogic,80,https://luxuryelite.bandcamp.com/album/noir,/img/a4043434006_3.jpg,
Luxury Elite,world class,vaporwave,80,https://crashsymbols.bandcamp.com/album/world-class,/img/a2298966900_3.jpg,
Luxury Elite & Saint Pepsi,Late Night Delight,hypnagogic,80,https://illuminatedpaths.bandcamp.com/album/late-night-delight-remastered,/img/a1294617188_3.jpg,
Luxury Elite & SYLLABUS,Intercontinental,hypnagogic,7,https://luxuryelite.bandcamp.com/album/intercontinental,/img/a0717622222_3.jpg,
Macintosh Plus,Floral Shoppe,vaporwave,80,https://vektroid.bandcamp.com/album/floral-shoppe,/img/a4028863981_3.jpg,
Manchac Networks,Executive Decisions,hypnagogic,12,https://advancedmaterials.bandcamp.com/album/executive-decisions,/img/a1631128225_3.jpg,
manitee,marianas trench,vaportrap,14,https://manitee.bandcamp.com/album/marianas-trench,/img/a1840533918_3.jpg,
Max Headroom,Hanami,vaporwave,20,https://maxheadroom420.bandcamp.com/album/hanami,/img/a1709606811_3.jpg,
Mediafired,The Pathway Through Whatever,vaporwave,80,https://beerontherug.bandcamp.com/album/the-pathway-through-whatever,/img/a4162820783_3.jpg,
MEENEEDEESC,MIRRORCLE,hypnagogic,23,https://meeneedeesc.bandcamp.com/album/mirrorcle,/img/a1196190361_3.jpg,
Memorex Dawn,Galleria,vaporwave,80,https://internetclub.bandcamp.com/album/galleria,/img/a2243008721_3.jpg,
Miami Vice,CULTURE ISLAND,vaporwave,66,https://miamivice.bandcamp.com/album/culture-island,/img/a3277406112_3.jpg,
Miami Vice,Palm Haze,hypnagogic,31,https://miamivice.bandcamp.com/album/palm-haze,/img/a0630332389_3.jpg,
Midnight Television,Midnight Television,vaporwave,46,https://beerontherug.bandcamp.com/album/midnight-television,/img/a3091759570_3.jpg,
Mike Tenay,Jacuzzi,future-funk,38,https://miketenay.bandcamp.com/album/jacuzzi,/img/a0864414080_3.jpg,
MindSpring Memories,❄☁❄☁❄☁❄☁❄,hypnagogic,8,https://horizonsunited.bandcamp.com/album/-,/img/a0359650394_3.jpg,
MKULTRA,"In Limbo, Silent Dream",vaportrap,80,https://dmttapes.bandcamp.com/album/in-limbo-silent-dream-dmt-071,/img/a0079286319_3.jpg,
Moe Shop,Pure Pure,future-funk,80,https://moeshop.bandcamp.com/album/pure-pure,/img/a0695759221_3.jpg,
Nadya Draghici,București 2084,hardvapor,67,https://antifur.bandcamp.com/album/bucures-ti-2084,/img/a3053066975_3.jpg,
nano神社 (✪㉨✪),SEGAS,future-funk,16,https://nanoshrine.bandcamp.com/album/segas-superdeluxeedition,/img/a1148176716_3.jpg,
nano神社 (✪㉨✪),SEGAS II,future-funk,5,https://nanoshrine.bandcamp.com/album/segas-ii-2,/img/a3244981099_3.jpg,
nano神社 (✪㉨✪),SEGAS III,future-funk,40,http://dmtrec.bandcamp.com/album/segas-iii,/img/a0447316203_3.jpg,
NAPOLIAN / COMPUTER DREAMS,NAPOLIAN / COMPUTER DREAMS,vaporwave,48,https://beerontherug.bandcamp.com/album/napolian-computer-dreams,/img/a1567448687_3.jpg,
Naughty 900,Pink Telephone - Call Now,vaporwave,1,https://naughty900.bandcamp.com/album/pink-telephone-call-now,/img/a1299443117_3.jpg,
Neko Furēku,スキャンダラス,vaporwave,35,https://nekofureku.bandcamp.com/album/--2,/img/a1609525085_3.jpg,
New Dreams Ltd.,Initiation Tape (Isle of Avalon Edition),vaporwave,80,https://vektroid.bandcamp.com/album/initiation-tape-isle-of-avalon-edition,/img/a2732943328_3.jpg,
New Dreams Ltd.,Sleepline,vaporwave,80,https://vektroid.bandcamp.com/album/sleepline,/img/a4188629452_3.jpg,
Night Tempo,Pure Baby Maker,future-funk,80,https://nighttempo.bandcamp.com/album/pure-baby-maker,/img/a2283527124_3.jpg,
Nmesh,Dream Sequins®,vaporwave,0,https://nmesh.bandcamp.com/album/dream-sequins,/img/a0352916024_3.jpg,
Nmesh,"Hard Classiks, Volume 1",hardvapor,11,http://hvrfcentralcommand.bandcamp.com/album/hard-classiks-volume-1,/img/a0134020825_3.jpg,
Nmesh,Nu.wav Hallucinations,vaporwave,0,https://nmesh.bandcamp.com/album/nu-wav-hallucinations,/img/a2068518199_3.jpg,
Nmesh & t e l e p a t h テレパシー能力者,ロストエデンへのパス,ambient hypnagogic,80,https://dreamcatalogue.bandcamp.com/album/--24,/img/a2129077846_3.jpg,
Nouveau Life™,New World™,vaporwave,80,https://dreamcatalogue.bandcamp.com/album/new-world,/img/a3606186673_3.jpg,
NxxxxxS,Elevated Highway,vaportrap,80,https://nbbeats.bandcamp.com/album/elevated-highway,/img/a1243989190_3.jpg,
NxxxxxS,Fujita Scale,vaportrap,80,https://nbbeats.bandcamp.com/album/fujita-scale,/img/a1108997856_3.jpg,
Nyetscape,Nyetscape,vaporwave,15,https://nyetscape.bandcamp.com/album/nyetscape,/img/a0635978391_3.jpg,
Nyetscape,Nyetscape 4,vaporwave,13,https://nyetscape.bandcamp.com/album/nyetscape-4,/img/a0079565251_3.jpg,
OSCOB & Digital Sex,OVERGROWTH,ambient,67,https://bludhoney.bandcamp.com/album/overgrowth,/img/a0561810550_3.jpg,
Oscob x Digital Sex,Overgrowth,vaporwave,67,https://bludhoney.bandcamp.com/album/overgrowth,/img/a0561810550_3.jpg,
Pagan Digital,VIRTUAL AIRLINES,experimental,0,https://pagandigital.bandcamp.com/album/virtual-airlines,/img/a0215052781_3.jpg,
PAGAN GOLD,Hacer De Amour,future-funk,21,https://latinwave.bandcamp.com/album/hacer-de-amoure,/img/a0630554820_3.jpg,
Penthouse Apartment,Y2K: New Millenium Nightclub,hypnagogic,9,http://tkxvault.bandcamp.com/album/y2k-new-millenium-nightclub,/img/a1231043300_3.jpg,
Phoenix #2772,ＰＡＬＭ ＩＳＬＡＮＤＳ,vaporwave,80,https://elemental95.bandcamp.com/album/-,/img/a3953788246_3.jpg,
Phoenix #2772,The Midnight,hypnagogic,80,http://music.businesscasual.biz/album/the-midnight,/img/a4044347064_3.jpg,
Phoenix #2772,You Are Already Dead,vaporwave hypnagogic,62,https://phoenix2772.bandcamp.com/album/you-are-already-dead,/img/a0642029519_3.jpg,
Plastique,Activity,vaporwave,5,https://plastiquesounds.bandcamp.com/album/activity,/img/a2421658856_3.jpg,
PowerPC ME,Kmart 1989​-​1992,vaporwave,46,http://lost-angles.com/album/kmart-1989-1992,/img/a3122005440_3.jpg,
PrismCorp Virtual Enterprises,ClearSkies™,vaporwave,80,https://vektroid.bandcamp.com/album/clearskies-complete-edition,/img/a0935135275_3.jpg,
PrismCorp Virtual Enterprises,Home™,vaporwave,80,https://vektroid.bandcamp.com/album/home-complete-edition,/img/a0041278514_3.jpg,
Psychic LCD,Nexxware,vaporwave,0,https://fortune500.bandcamp.com/album/nexxware,/img/a1788541734_3.jpg,
Pursuing Paradise,Adult Contemporary Novel,post-vapor,80,https://bedlamtapes.bandcamp.com/album/adult-contemporary-novel,/img/a0992389083_3.jpg,
PZA,CAPITAL CUSTOMER,vaportrap,80,http://music.businesscasual.biz/album/capital-customer,/img/a2200947702_3.jpg,
R23X,OST (1​)​.​rar,vaportrap,70,https://dreamcatalogue.bandcamp.com/album/ost-1-rar,/img/a0178592816_3.jpg,
R23X,OSV: Original Sound Version,ambient,41,https://dreamcatalogue.bandcamp.com/album/osv-original-sound-version,/img/a3183757563_3.jpg,
R23X,SOUND_TRACK ~ [MP3].torrent,ambient,80,https://dreamcatalogue.bandcamp.com/album/sound-track-mp3-torrent,/img/a0312768167_3.jpg,
Rad Magma,One Night in Neo Kobe,hypnagogic,0,https://radmagma.bandcamp.com/album/one-night-in-neo-kobe,/img/a2888314337_3.jpg,
Remember,ルートバックホーム,ambient,80,https://dreamcatalogue.bandcamp.com/album/--22,/img/a3675313495_3.jpg,
Renjā,Into A Endless Dream,vaportrap,10,https://gemtones.bandcamp.com/album/into-a-endless-dream,/img/a1246670819_3.jpg,
Rollergirl!,Rollergirl,future-funk,80,https://rollergirl.bandcamp.com/album/rollergirl,/img/a1022915419_3.jpg,
s a k i 夢,夢の中で失われました,hypnagogic,28,https://sakidream.bandcamp.com/album/-,/img/a0258481532_3.jpg,
S U R F I N G,Deep Fantasy,hypnagogic,80,http://surfing.100percentelectronica.com/album/deep-fantasy,/img/a0414512508_3.jpg,
Sacred Tapestry,Shader,vaporwave,80,https://vektroid.bandcamp.com/album/shader-complete,/img/a0173549684_3.jpg,
Saint Pepsi,Hit Vibes,future-funk,80,https://keatscollective.bandcamp.com/album/hit-vibes,/img/a3523847771_3.jpg,
Saint Pepsi,New Generation,hypnagogic,80,https://saintpepsi.bandcamp.com/album/new-generation,/img/a2460113939_3.jpg,
Saint Pepsi,WORLD TOUR,hypnagogic,80,https://saintpepsi.bandcamp.com/album/world-tour,/img/a4146900305_3.jpg,
Sandtimer,Leave With Us,hardvapor,17,https://nirvanaport.bandcamp.com/album/leave-with-us,/img/a0149631357_3.jpg,
SEPHORA脳バイブス,HOTEL GALANTHUS,vaporwave,11,https://sephorabrainvibes.bandcamp.com/album/hotel-galanthus,/img/a1772327502_3.jpg,
SEPHORA脳バイブス,ギリシア彫刻の水中MUSEUM,vaporwave,6,https://ailanthusrecordings.bandcamp.com/album/museum,/img/a1065644354_3.jpg,
Shima33,Amiga-Tech [新コンセプト #1],vaporwave,15,https://shima33.bandcamp.com/album/amiga-tech-1,/img/a3297307409_3.jpg,
Silver Richards,Volume 128,hypnagogic,43,https://silverrichards.bandcamp.com/album/volume-128,/img/a3504818434_3.jpg,
Skylar Spence,Prom King,future-funk,13,https://skylarspence.bandcamp.com/album/prom-king,,
Squarecom広場SOFTWARE,バーチャルSHOPPING CENTRE,mallsoft,11,https://squarecom.bandcamp.com/album/shopping-centre,/img/a1652295612_3.jpg,
Starloma,Starloma,vaportrap,1,https://starloma.bandcamp.com/album/starloma,/img/a0085327291_3.jpg,
Stereo Component,Coastal Nostalgia,hypnagogic,11,https://ailanthusrecordings.bandcamp.com/album/coastal-nostalgia,/img/a1073564922_3.jpg,
STΛQQ ƟVERFLƟ,SΛCRED GRƟVE ƟNLINE,vaportrap,17,https://ailanthusrecordings.bandcamp.com/album/s-cred-gr-ve-nline,/img/a3096228157_3.jpg,
Subaeris,New Tokyo Blue Mood,vaportrap,80,https://dreamcatalogue.bandcamp.com/album/new-tokyo-blue-mood,/img/a3328384680_3.jpg,
Subaeris,New Tokyo Blue Mood 2,vaportrap,70,https://subaeris.bandcamp.com/album/new-tokyo-blue-mood-2,/img/a0151071815_3.jpg,
Subhumanizer,Subhumanizer Strikes Back,hardvapor,66,https://antifur.bandcamp.com/album/subhumanizer-strikes-back,/img/a3831302479_3.jpg,
Supersex420 x Tendencies,Split EP,future-funk,69,https://tendencies.bandcamp.com/album/split-ep,/img/a1195058523_3.jpg,
SYLLABUS,/,vaporwave,32,https://illuminatedpaths.bandcamp.com/album/--3,/img/a3017287301_3.jpg,
SYLLABUS,July,hypnagogic,80,http://music.businesscasual.biz/album/july,/img/a3452926768_3.jpg,
t e l e p a t h テレパシー能力者,アンタラ通信,ambient,80,https://dreamcatalogue.bandcamp.com/album/--19,/img/a2437765163_3.jpg,
t e l e p a t h テレパシー能力者,一緒に別の夜,hypnagogic,80,https://dreamcatalogue.bandcamp.com/album/--25,/img/a2447787189_3.jpg,
t e l e p a t h テレパシー能力者,断線,ambient,80,https://telepathtelepath.bandcamp.com/album/--33,/img/a4053694378_3.jpg,
t e l e p a t h テレパシー能力者,星間性交,ambient,80,https://telepathtelepath.bandcamp.com/album/--40,/img/a1318949488_3.jpg,
t e l e p a t h テレパシー能力者,未来へ,hypnagogic,80,https://telepathtelepath.bandcamp.com/album/--5,/img/a2644196199_3.jpg,
t e l e p a t h テレパシー能力者,現実を超えて,hypnagogic,80,https://telepathtelepath.bandcamp.com/album/--12,/img/a3616147813_3.jpg,
t e l e p a t h テレパシー能力者 & 猫 シ Corp.,テレパシーの,hypnagogic,0,https://telepathtelepath.bandcamp.com/album/--10,/img/a2369691167_3.jpg,
Tahiti Intranet,10Mbps,vaporwave,34,https://adhesivesounds.bandcamp.com/album/10mbps,/img/a1973667590_3.jpg,
TANE IS LOVE,Gelhash,vaporwave,80,http://music.businesscasual.biz/album/gelhash,/img/a3374327435_3.jpg,
TASPO,SIMULATION // SIM.BETA,vaportrap,62,https://adhesivesounds.bandcamp.com/album/simulation-sim-beta,/img/a3051307571_3.jpg,
tech noir,齐,ambient hypnagogic,80,https://elemental95.bandcamp.com/album/--2,/img/a4025469776_3.jpg,
Telan Devik,Mods,vaporwave,8,https://telandevik.bandcamp.com/album/mods,/img/a2719296513_3.jpg,
TELOZKOPE,Equanaimo,vaportrap,19,https://spectralblissonance.bandcamp.com/album/equanaimo,/img/a1778561117_3.jpg,
Tendencies,Reach,future-funk,30,https://stratfordct.bandcamp.com/album/tendencies-reach-3,/img/a0934495634_3.jpg,
THE DARKEST FUTURE,???????,experimental,14,https://tkxvault.bandcamp.com/album/--5,/img/a2957841808_3.jpg,
The Editor,L O V E - 永遠に夢,vaporwave,1,https://faxtheeditor.bandcamp.com/album/l-o-v-e,/img/a0690163752_3.jpg,
Tokyo Wanderer,Wanderers Compilation EP,future-funk,6,https://futuresocietycollective.bandcamp.com/album/wanderers-compilation-ep,/img/a2173087558_3.jpg,
Topaz Gang,P.E.A.R.L.,hypnagogic,2,https://topazgang.bandcamp.com/album/p-e-a-r-l,/img/a3924965674_3.jpg,
Topaz Gang,palm_tree.fm,hypnagogic,6,https://topazgang.bandcamp.com/album/palm-tree-fm,/img/a1823870692_3.jpg,
Topographic Maps,Tropical Disturbances,vaporwave,10,https://ailanthusrecordings.bandcamp.com/album/tropical-disturbances,/img/a0668859240_3.jpg,
Trademarks & Copyrights,Marble Girls II,hypnagogic,9,https://ailanthusrecordings.bandcamp.com/album/marble-girls-ii,/img/a0609378959_3.jpg,
Trends // тенденции,Humanoid Sound,hardvapor,44,https://antifur.bandcamp.com/album/humanoid-sound,/img/a0655803449_3.jpg,
TRIAD RESEARCH LABORATORIES,CREATING YOUR WORLD,vaporwave,10,https://dreamcatalogue.bandcamp.com/album/creating-your-world,/img/a1840269795_3.jpg,
ULTRA,CYBERNET UTOPIA,hypnagogic,1,https://fortune500.bandcamp.com/album/cybernet-utopia,/img/a1400291847_3.jpg,
ULTRA ウルトラ,セガ s a t u r n,vaporwave,0,https://ultra1.bandcamp.com/album/s-a-t-u-r-n,/img/a2178107180_3.jpg,
ULTRACOMPUTER,SUPERCARTRIDGE,hypnagogic,8,https://tkxvault.bandcamp.com/album/supercartridge,/img/a4239104120_3.jpg,
Under Two Palms,Under Two Palms,vaporwave,80,https://dmttapes.bandcamp.com/album/under-two-palms-dmt-119,/img/a3399162271_3.jpg,
US Golf 95,US Golf 95,vaporwave,80,https://usgolf95.bandcamp.com/album/us-golf-95,/img/a0522430626_3.jpg,
VANTAGE //,Metro City,future-funk,72,https://vantagenoise.bandcamp.com/album/metro-city,/img/a1227044999_3.jpg,
Vaperror,Mana Pool,vaportrap,80,https://dreamcatalogue.bandcamp.com/album/mana-pool,/img/a3830061638_3.jpg,
VAPERROR,POLYCHROMATIC COMPILER,post-vapor,80,https://dreamcatalogue.bandcamp.com/album/polychromatic-compiler,/img/a1324811117_3.jpg,
VAV-31,eCity Tours,hypnagogic,39,http://negativeplus.bandcamp.com/album/ecity-tours,/img/a3324438257_3.jpg,
VECTOR GRAPHICS,DESTINE,vaporwave,80,https://vectorgraphics.bandcamp.com/album/destine,/img/a3358936743_3.jpg,
VECTOR GRAPHICS,MIDNIGHT LOVE,hypnagogic,47,https://vectorgraphics.bandcamp.com/album/midnight-love,/img/a2598975671_3.jpg,
VECTOR GRAPHICS,SCREEN SERVICE,hypnagogic,48,https://vectorgraphics.bandcamp.com/album/screen-service,/img/a2286647605_3.jpg,
Vektroid,Color Ocean Road,vaporwave,80,https://vektroid.bandcamp.com/album/color-ocean-road,/img/a1613036633_3.jpg,
VentureX,Together,future-funk,73,https://stratfordct.bandcamp.com/album/venturex-together,/img/a3397542807_3.jpg,
VHS Dreams,North Point Mall,vaporwave,80,https://colosseumrecords.bandcamp.com/album/north-point-mall,/img/a1953908616_3.jpg,
VHS Logos,Mantra,hypnagogic,80,https://vhslogos.bandcamp.com/album/mantra,/img/a0047717971_3.jpg,
VHSテープリワインダー,Together United,hypnagogic,23,https://vhstaperewinder.bandcamp.com/album/together-united,/img/a0915771706_3.jpg,
vice*AIRバイス*空気自然の愛,cyber city dreams サイバーシティーの夢,hypnagogic,80,http://music.businesscasual.biz/album/cyber-city-dreams,/img/a0114504314_3.jpg,
Vincent Remember,（私たちの休暇）,future-funk,9,https://vincentremember.bandcamp.com/album/--2,/img/a2418101522_3.jpg,
Vｉｒｔｕａｌ－ ４２０,２４０ｐ,vaportrap,80,http://music.businesscasual.biz/album/--2,/img/a0561271400_3.jpg,
Visaプリペイド,スムーズOCEANS,hypnagogic,21,https://visaprepaid.bandcamp.com/album/oceans,/img/a3846206368_3.jpg,
w u s o 命,Lonely Streets,hypnagogic,14,http://crystaltone.bandcamp.com/album/lonely-streets,/img/a1122890737_3.jpg,
wakesleep,Three Thousand Flora,experimental,42,https://afternoonsmodeling.bandcamp.com/album/three-thousand-flora,/img/a1708093616_3.jpg,
WALKMAN 91,UNCANNY VALLEY,hypnagogic,6,https://walkman91.bandcamp.com/album/--2,/img/a1129367117_3.jpg,
waterfront dining,Sprung 夢中,vaporwave,80,https://waterfrontdining.bandcamp.com/album/sprung,/img/a3272215548_3.jpg,
waterfront dining & 猫 シ Corp.,...With Love 愛を込めて,vaporwave,65,https://dmtrec.bandcamp.com/album/with-love,/img/a0125021048_3.jpg,
Ｗｅｓｔｅｒｎ Ｄｉｇｉｔａｌand Digital Sex,On The Horizon,hypnagogic,51,https://adhesivesounds.bandcamp.com/album/on-the-horizon-2,/img/a0798040973_3.jpg,
Windows 98の,The Dream Can't Last Forever Trilogy,vaportrap,80,https://bedlamtapes.bandcamp.com/album/the-dream-cant-last-forever-trilogy,/img/a0495422320_3.jpg,
Windows 98の,これは魂のために,ambient,66,https://windows98wave.bandcamp.com/album/--3,/img/a0854160926_3.jpg,
Windows彡96,Vibes,future-funk,80,http://music.businesscasual.biz/album/vibes,/img/a1508083437_3.jpg,
Winter Sleep,Return To Dream City,hypnagogic,6,http://winter-sleep.bandcamp.com/album/return-to-dream-city,/img/a0343315117_3.jpg,
wosX,Brasil World Cup 2034,hardvapor,80,https://dreamcatalogue.bandcamp.com/album/brasil-world-cup-2034,/img/a1031271826_3.jpg,
WTF.FM,AUDIO_TS,vaporwave,3,https://wtffm.bandcamp.com/album/audio-ts,/img/a3722748520_3.jpg,
WTF.FM,V I S I O N,vaporwave,17,https://wtffm.bandcamp.com/album/v-i-s-i-o-n,/img/a0599877504_3.jpg,
WΔll Flowers,Subliminal Romance,hypnagogic,6,https://wall-flowers.bandcamp.com/album/subliminal-romance,/img/a3976620355_3.jpg,
ᴡ ᴇ в s ɪ ᴛ ᴇ ツ,child of WebTV,hypnagogic,1,https://swampcircle.bandcamp.com/album/child-of-webtv-sw-040,/img/a3980661575_3.jpg,
Y2K,Y2K2,hypnagogic,79,http://poolhouseltdmusic.com/album/y2k2,/img/a3377486967_3.jpg,
YoSai,エコー・ザ・ドルフィンは、鈍化しました,hypnagogic,1,http://yosai.bandcamp.com/album/-,/img/a3457355912_3.jpg,
Young Muslim,This Could Be Us But U Playin,hypnagogic,0,https://fortune500.bandcamp.com/album/this-could-be-us-but-u-playin,/img/a3524204444_3.jpg,
Yumi Rose,Shine Brighter,future-funk,14,https://futuresocietycollective.bandcamp.com/album/shine-brighter,/img/a1976393818_3.jpg,
YUNG BAE,Bae,future-funk,80,https://yungbaebae.bandcamp.com/album/bae,/img/a3452860442_3.jpg,
YUNG BAE,BAE 2,future-funk,80,https://yungbaebae.bandcamp.com/album/bae-2,/img/a3269410691_3.jpg,
Л е н ь,Д Е Р Е В Е Н С К И Й F А Н К,vaporwave,80,http://music.businesscasual.biz/album/f,/img/a2317696475_3.jpg,
식료품groceries,HOUSEWARES,vaporwave,8,https://groceries-store.bandcamp.com/album/housewares,/img/a4263389132_3.jpg,
식료품groceries,슈퍼마켓Yes! We’re Open,vaporwave,37,https://groceries-store.bandcamp.com/album/yes-we-re-open,/img/a0909867421_3.jpg,
회사AUTO,-Q-,hypnagogic,21,https://auto-7.bandcamp.com/album/q,/img/a1534232788_3.jpg,
회사AUTO,Greatest Hits,vaporwave,74,https://plasticresponserecords.bandcamp.com/album/greatest-hits,/img/a3620576056_3.jpg,
회사AUTO,The Lovers Pure,hypnagogic,43,https://auto-7.bandcamp.com/album/the-lovers-pure,/img/a2527551362_3.jpg,
회사AUTO,仙Android,hypnagogic,80,https://dreamcatalogue.bandcamp.com/album/android,/img/a2064477691_3.jpg,
コンシャスTHOUGHTS,Can't Get Enough,future-funk,80,http://beerwizard.net/album/cant-get-enough,/img/a2818596132_3.jpg,
コンシャスTHOUGHTS,Ｌｏｎｅｌｙ Ｎｉｇｈｔｓ,future-funk,80,https://dmttapes.bandcamp.com/album/dmt-110,/img/a0276183705_3.jpg,
コンシャスTHOUGHTS,愛,future-funk,59,https://futuresocietycollective.bandcamp.com/album/-,/img/a3314418962_3.jpg,
"コンシャスTHOUGHTS, ID Cℎίℯƒ & Aloe Island Posse",Internet Discotheque,future-funk,80,http://music.businesscasual.biz/album/internet-discotheque,/img/a1620269597_3.jpg,
サイバー '98,DIGITΛL FORΞST,vaportrap,34,https://dreamcatalogue.bandcamp.com/album/digit-l-for-st,/img/a4153001598_3.jpg,
サイバー '98,Organic ~ Android,vaportrap,3,https://crystaltone.bandcamp.com/album/organic-android,/img/a1554111439_3.jpg,
サイバー ‘98,Computer Dreams,vaportrap,34,https://dreamcatalogue.bandcamp.com/album/computer-dreams,/img/a3673931637_3.jpg,
ショッピングワールドjp,MARKET WORLD,vaporwave,0,https://fortune500.bandcamp.com/album/market-world,/img/a2665322325_3.jpg,
シルクP A N G E A,CLIMATE グローバル,hypnagogic,80,http://music.businesscasual.biz/album/climate,/img/a3004664926_3.jpg,
チェスマスター,Night Drive,vaporwave,0,https://chesumasuta.bandcamp.com/album/night-drive,/img/a0303771059_3.jpg,
チェスマスター,天使,vaporwave ambient,68,https://dreamcatalogue.bandcamp.com/album/--20,/img/a2840737271_3.jpg,
チェスマスター,真の愛,vaporwave,36,https://dreamcatalogue.bandcamp.com/album/--4,/img/a0379214571_3.jpg,
チェスマスター,非実体,ambient,80,https://dreamcatalogue.bandcamp.com/album/--23,/img/a0736817748_3.jpg,
デジタルフォーチュン,Ｖｉｓｉｏｎ グローバル,hypnagogic,6,https://digitalfortune.bandcamp.com/album/-,/img/a0356366159_3.jpg,
テレヴァペ,超越愛,hypnagogic,80,https://plus100.bandcamp.com/album/-,/img/a0510854239_3.jpg,
テレビ体験,Y. 2089,vaporwave,27,http://tkxvault.bandcamp.com/album/y-2089,/img/a3011539038_3.jpg,
べたTOPAZ GANG,cyprus skate plaza,post-vapor,32,https://illuminatedpaths.bandcamp.com/album/cyprus-skate-plaza,/img/a3950895873_3.jpg,
ポム,ポム,future-funk,29,https://midnightmoontapes.bandcamp.com/album/--5,/img/a3894882039_3.jpg,
マクロスMACROSS 82-99,A Million Miles Away,future-funk,80,https://macross82-99.bandcamp.com/album/a-million-miles-away,/img/a2908947465_3.jpg,
マクロスMACROSS 82-99,Cham!,future-funk,80,https://macross82-99.bandcamp.com/album/cham,/img/a3338117916_3.jpg,
マクロスMACROSS 82-99,Jutsu EP,future-funk,80,https://macross82-99.bandcamp.com/album/jutsu-ep,/img/a2024976042_3.jpg,
マクロスMACROSS 82-99,Sailorwave,hypnagogic,9,https://fortune500.bandcamp.com/album/sailorwave,/img/a0431781607_3.jpg,
ローマンRoman,P A L M S I I,future-funk,80,https://colosseumrecords.bandcamp.com/album/p-a-l-m-s-i-i,/img/a1240637403_3.jpg,
巨大な喜び Aqua Fina,DISCO TRAX EP (Classic Future Funk Vol 1),future-funk,0,https://aquafina.bandcamp.com/album/disco-trax-ep-classic-future-funk-vol-1,/img/a1371282181_3.jpg,
"幽霊, TOGETHER!",Into Your Eyes,vaporwave,9,https://ghoststogether.bandcamp.com/album/--4,/img/a1058300678_3.jpg,
恐ろしいです Nights,Undersky Lights,hypnagogic,1,https://horriblenights.bandcamp.com/album/undersky-lights,/img/a0999755797_3.jpg,
悲しい ANDROID - APARTMENT¶,"行方不明「Goodbye, T O K Y O' S L I G H T S」お前さん",future-funk,59,https://android-apartment.bandcamp.com/album/goodbye-t-o-k-y-o-s-l-i-g-h-t-s,/img/a1574434920_3.jpg,
情報デスクVIRTUAL,札幌コンテンポラリー,vaporwave,80,https://vektroid.bandcamp.com/album/-,/img/a3681977610_3.jpg,
日本人 (Japanese),日本人,vaporwave,0,https://fortune500.bandcamp.com/album/-,/img/a2269058833_3.jpg,
木の反射,Body [Disc I] + [Disc II],ambient,80,https://noproblematapes.bandcamp.com/album/body-disc-i-disc-ii,/img/a0247226344_3.jpg,
猫 シ Corp.,HIRAETH,hypnagogic,80,https://catsystemcorp.bandcamp.com/album/hiraeth,/img/a3078319365_3.jpg,
猫 シ Corp.,OASYS 博物館,mallsoft,80,https://catsystemcorp.bandcamp.com/album/oasys,/img/a2608868987_3.jpg,
猫 シ Corp.,OASYS✓✓✓☞❐計算 ソフトウェア,vaporwave,80,https://elemental95.bandcamp.com/album/oasys,/img/a3206641381_3.jpg,
猫 シ Corp.,Palm Mall,vaporwave,80,https://catsystemcorp.bandcamp.com/album/palm-mall,/img/a4117042954_3.jpg,
猫 シ Corp. & Donovan Hikaru,Corporate Mixtape,mallsoft,13,https://ailanthusrecordings.bandcamp.com/album/corporate-mixtape,/img/a3051848180_3.jpg,
猫 シ Corp. & Stereo Component,Ocean Beach,hypnagogic,3,https://fortune500.bandcamp.com/album/ocean-beach,/img/a0529979804_3.jpg,
猫 シ Corp. & SYLLABUS,Double Date,vaporwave,77,https://plasticresponserecords.bandcamp.com/album/double-date,/img/a4130085055_3.jpg,
维新噩梦工厂,催眠疗法,vaporwave,23,https://captapes.bandcamp.com/album/-,/img/a3975949178_3.jpg,
蜃気楼MIRAGE,only you,vaporwave,43,https://dmtrec.bandcamp.com/album/only-you,/img/a0027567769_3.jpg,
豊平区民TOYOHIRAKUMIN,MUSIC IN THE AIR,hypnagogic,25,https://dreamcatalogue.bandcamp.com/album/music-in-the-air,/img/a3694091764_3.jpg,
豊平区民TOYOHIRAKUMIN,メモリーレーン,vaporwave,34,https://newmasterpiece.bandcamp.com/album/--8,/img/a1284781591_3.jpg,
音 LIGHT システム,Buy Milk,vaportrap,58,https://saphronsquares.bandcamp.com/album/--2,/img/a3749605024_3.jpg,
骨架的,Reflections,vaporwave,51,https://soundcpu.bandcamp.com/album/reflections,/img/a3508575363_3.jpg,